<?xml version="1.0" encoding="UTF-8"?>
<project-private xmlns="http://www.netbeans.org/ns/project-private/1">
    <editor-bookmarks xmlns="http://www.netbeans.org/ns/editor-bookmarks/2" lastBookmarkId="0"/>
    <open-files xmlns="http://www.netbeans.org/ns/projectui-open-files/2">
        <group>
            <file>file:/C:/Users/edwin/OneDrive/Documentos/NetBeansProjects/Carrito_Compras/src/java/Clases/enombrecli.java</file>
            <file>file:/C:/Users/edwin/OneDrive/Documentos/NetBeansProjects/Carrito_Compras/web/ListaCli.jsp</file>
            <file>file:/C:/Users/edwin/OneDrive/Documentos/NetBeansProjects/Carrito_Compras/src/java/Clases/Conexion.java</file>
            <file>file:/C:/Users/edwin/OneDrive/Documentos/NetBeansProjects/Carrito_Compras/web/index.html</file>
            <file>file:/C:/Users/edwin/OneDrive/Documentos/NetBeansProjects/Carrito_Compras/src/java/Clases/Cliente.java</file>
            <file>file:/C:/Users/edwin/OneDrive/Documentos/NetBeansProjects/Carrito_Compras/src/java/Clases/EliminarCliente.java</file>
            <file>file:/C:/Users/edwin/OneDrive/Documentos/NetBeansProjects/Carrito_Compras/src/java/Clases/Producto.java</file>
        </group>
    </open-files>
</project-private>
